xd,road-name,road-num,bearing,miles,frc,county,state,zip,timezone_name,start_latitude,start_longitude,end_latitude,end_longitude
129670254,N SERVICE RD,,W,0.137129915715364,4,BERGEN,NJ,07073,America/New_York,40.81155,-74.08466,40.81198,-74.08722
476292767,WASHINGTON AVE,503,S,0.078726526396301,4,BERGEN,NJ,07072,America/New_York,40.82282,-74.06051,40.82193,-74.06145
449958417,PATERSON PLANK RD,,S,0.019855155520438,5,BERGEN,NJ,07073,America/New_York,40.81552,-74.06537,40.81525,-74.06524
130804256,,,E,0.109023636549647,5,BERGEN,NJ,07657,America/New_York,40.82833,-74.02785,40.82913,-74.02607
450522601,E PERIPHERAL RD,,W,0.040924801307277,4,BERGEN,NJ,07073,America/New_York,40.80813,-74.07104,40.80792,-74.07175
130467083,ROAD C,,N,0.030881501624628,5,BERGEN,NJ,07073,America/New_York,40.81409,-74.08158,40.81445,-74.08123
1282839734,,,N,0.03039326074631,4,HUDSON,NJ,07094,America/New_York,40.79646,-74.06664,40.79678,-74.067
441650451,CR-503 N,503,N,0.047599009243295,4,BERGEN,NJ,07073,America/New_York,40.8165,-74.06706,40.81708,-74.06657
441650452,CR-503 N,503,N,0.16346012295397,4,BERGEN,NJ,07073,America/New_York,40.81455,-74.06883,40.8165,-74.06706
771943648,,,E,0.05256947626848,4,HUDSON,NJ,07094,America/New_York,40.79937,-74.06466,40.79956,-74.06374
1282724750,,,W,0.123780410670726,5,BERGEN,NJ,07073,America/New_York,40.81171,-74.06887,40.81246,-74.07054
441650453,WASHINGTON AVE,503,S,0.184091878688241,4,BERGEN,NJ,07073,America/New_York,40.8178,-74.06598,40.81563,-74.06802
476269741,WASHINGTON AVE,503,S,0.316337107128226,4,BERGEN,NJ,07072,America/New_York,40.82193,-74.06145,40.81838,-74.06527
129576239,N SERVICE RD,,E,0.041652800008485,4,BERGEN,NJ,07073,America/New_York,40.81155,-74.08466,40.81162,-74.08387
461740389,,,E,0.313038860785404,2,BERGEN,NJ,07073,America/New_York,40.80534,-74.08145,40.80241,-74.07698
476266191,STADIUM CLUB RD W,,W,0.341139818827406,4,BERGEN,NJ,07073,America/New_York,40.81011,-74.07816,40.81162,-74.08387
476288262,,,W,0.037249503912774,4,BERGEN,NJ,07073,America/New_York,40.81198,-74.08722,40.81246,-74.08753
449975835,INNER LOOP RD,,N,0.411354389924911,5,BERGEN,NJ,07073,America/New_York,40.81011,-74.07816,40.81516,-74.07498
449957326,ROAD D,,E,0.110250357785866,5,BERGEN,NJ,07073,America/New_York,40.81516,-74.07498,40.81496,-74.07296
476255501,WASHINGTON AVE,503,N,0.078726526396301,4,BERGEN,NJ,07072,America/New_York,40.82193,-74.06145,40.82282,-74.06051
449957397,PATERSON PLANK RD,120,E,0.223534656819681,4,BERGEN,NJ,07073,America/New_York,40.82563,-74.07593,40.82348,-74.07274
1282799505,RT-3 E,3,E,0.440732848572237,2,BERGEN,NJ,07094,America/New_York,40.801805409575,-74.072322323071,40.7974,-74.06643
485674488,RT-3 W,3,W,0.078838254883382,2,BERGEN,NJ,07073,America/New_York,40.81045,-74.08386,40.81081,-74.08529
387833716,STADIUM CLUB RD E,,W,0.043378483184357,4,BERGEN,NJ,07073,America/New_York,40.80974,-74.07749,40.81011,-74.07816
429540700,BERRYS CREEK RD,,N,0.264019084547524,4,BERGEN,NJ,07073,America/New_York,40.81482,-74.08086,40.81836,-74.07905
429540701,BERRYS CREEK RD,,S,0.264019084547524,4,BERGEN,NJ,07073,America/New_York,40.81836,-74.07905,40.81482,-74.08086
130586678,,,W,0.055995707503179,4,BERGEN,NJ,07073,America/New_York,40.81482,-74.08086,40.81464,-74.0819
1282582919,,,N,0.382010604758673,5,BERGEN,NJ,07073,America/New_York,40.80784,-74.07236,40.81125,-74.06925
1282674689,,,N,0.073996419261124,4,BERGEN,NJ,07073,America/New_York,40.80669,-74.07246,40.80776,-74.07252
1282595824,I-95 S,95,W,0.397872791982659,1,BERGEN,NJ,07657,America/New_York,40.83135,-74.02425,40.827144292336,-74.029448080002
771966751,PLAZA A,,N,0.129046049397174,4,BERGEN,NJ,07073,America/New_York,40.82314,-74.07777,40.82446,-74.07951
130715160,,,S,0.123066709878421,5,BERGEN,NJ,07657,America/New_York,40.82995,-74.02707,40.82833,-74.02798
464526168,,,S,0.007600265386271,4,BERGEN,NJ,07073,America/New_York,40.81596,-74.06617,40.81585,-74.06617
441689655,RT-120 N,120,N,0.513720344866146,4,BERGEN,NJ,07073,America/New_York,40.80776,-74.07252,40.81455,-74.06883
1282622967,,,N,0.201027083347609,4,BERGEN,NJ,07073,America/New_York,40.80397,-74.07147,40.80669,-74.07246
449957399,PATERSON PLANK RD,120,E,0.140953450804819,4,BERGEN,NJ,07073,America/New_York,40.82097,-74.06957,40.81926,-74.0681
1282848047,I-95 S,95,S,0.731319560030335,1,BERGEN,NJ,07073,America/New_York,40.80966,-74.06336,40.80211,-74.07315
449957398,PATERSON PLANK RD,120,E,0.240590997264862,4,BERGEN,NJ,07073,America/New_York,40.82348,-74.07274,40.82097,-74.06957
1282560337,,,E,0.549439336978042,2,BERGEN,NJ,07073,America/New_York,40.80241,-74.07698,40.80198,-74.07305
130868502,STADIUM CLUB RD W,,E,0.028496320289558,5,BERGEN,NJ,07073,America/New_York,40.81027,-74.07866,40.81011,-74.07816
130587880,BERRYS CREEK RD,,N,0.032073439855256,4,BERGEN,NJ,07073,America/New_York,40.81445,-74.08123,40.81482,-74.08086
387820295,E PERIPHERAL RD,,S,0.095557810478389,5,BERGEN,NJ,07073,America/New_York,40.81282,-74.06778,40.81171,-74.06887
130860896,,,W,0.068675615542318,5,BERGEN,NJ,07073,America/New_York,40.81226,-74.07087,40.8118,-74.07188
1282579079,PLAZA M,,S,0.031299492647812,5,BERGEN,NJ,07073,America/New_York,40.81435,-74.0648,40.814,-74.06518
1282727040,N CONNECTOR RD,,W,0.028012189585981,5,BERGEN,NJ,07073,America/New_York,40.81474,-74.06957,40.81492,-74.07005
130539555,N SERVICE RD,,E,0.150325064024625,4,BERGEN,NJ,07073,America/New_York,40.81195,-74.09085,40.81217,-74.0883
130814435,N SERVICE RD,,E,0.034040791943052,4,BERGEN,NJ,07073,America/New_York,40.81217,-74.0883,40.81208,-74.08766
449957331,N CONNECTOR RD,,W,0.033229480426503,5,BERGEN,NJ,07073,America/New_York,40.814,-74.06518,40.81394,-74.06581
937225014,,,S,0.136919437554233,2,BERGEN,NJ,07073,America/New_York,40.80716,-74.08069,40.80534,-74.08145
771953544,BERRYS CREEK RD,,N,0.28259414344834,4,BERGEN,NJ,07073,America/New_York,40.8193,-74.07856,40.82314,-74.07777
387823610,S CONNECTION RD,,W,0.12206932880766,4,BERGEN,NJ,07073,America/New_York,40.80796,-74.07237,40.80806,-74.07469
1282830792,I-95 N,95,N,0.728611867457977,1,BERGEN,NJ,07073,America/New_York,40.80198,-74.07305,40.80945,-74.06323
771949724,,,S,0.169445724918897,2,BERGEN,NJ,07073,America/New_York,40.80329,-74.07318,40.80107,-74.07184
130727510,N SERVICE RD,,E,0.137129915715364,4,BERGEN,NJ,07073,America/New_York,40.81198,-74.08722,40.81155,-74.08466
429540696,STADIUM CLUB RD E,,W,0.196621761793815,4,BERGEN,NJ,07073,America/New_York,40.80806,-74.07469,40.80974,-74.07749
429540697,STADIUM CLUB RD E,,E,0.196621761793815,5,BERGEN,NJ,07073,America/New_York,40.80974,-74.07749,40.80806,-74.07469
1282630916,,,N,0.079728297342276,5,BERGEN,NJ,07073,America/New_York,40.80669,-74.07246,40.80784,-74.07236
429516401,PATERSON PLANK RD,,E,0.030789522835323,5,BERGEN,NJ,07073,America/New_York,40.81708,-74.06657,40.81696,-74.06606
429516404,,,W,0.155383330924428,4,BERGEN,NJ,07073,America/New_York,40.81585,-74.06617,40.8165,-74.06706
1282601305,RT-3 W,3,W,0.260712610151606,2,BERGEN,NJ,07073,America/New_York,40.80862,-74.07951,40.81045,-74.08386
130484215,,,W,0.069838333962347,5,BERGEN,NJ,07657,America/New_York,40.8296,-74.02603,40.82995,-74.02707
429516407,PATERSON PLANK RD,120,E,0.042790188943345,4,BERGEN,NJ,07073,America/New_York,40.81926,-74.0681,40.81872,-74.0677
1282629813,,,E,0.156985142346091,5,BERGEN,NJ,07073,America/New_York,40.81474,-74.06957,40.81455,-74.06904
130522022,BERRYS CREEK RD,,N,0.037414247491124,4,BERGEN,NJ,07073,America/New_York,40.81464,-74.0819,40.81445,-74.08123
1282837478,AMERICAN DREAM WAY,,S,0.207002970461799,5,BERGEN,NJ,07073,America/New_York,40.81125,-74.06925,40.80848,-74.07075
1282767600,I-95 S,95,W,0.510374046041394,1,BERGEN,NJ,07073,America/New_York,40.81396,-74.05544,40.80966,-74.06336
476288861,WASHINGTON AVE,503,N,0.112871751207009,4,BERGEN,NJ,07072,America/New_York,40.81708,-74.06657,40.81838,-74.06527
1282595860,I-95 S,95,W,0.535545174414335,1,BERGEN,NJ,07072,America/New_York,40.820613234668,-74.037571324511,40.81696,-74.04653
771950705,BERRYS CREEK RD,,E,0.312833111458535,4,BERGEN,NJ,07073,America/New_York,40.82446,-74.07951,40.82563,-74.07593
1282656668,PATERSON PLANK RD,,S,0.066305184851661,5,BERGEN,NJ,07073,America/New_York,40.81525,-74.06524,40.81435,-74.0648
1282653795,RT-120 S,120,S,0.51496850674357,4,BERGEN,NJ,07073,America/New_York,40.81455,-74.06904,40.80775,-74.07288
449957408,PATERSON PLANK RD,,S,0.022809938571717,5,BERGEN,NJ,07073,America/New_York,40.81583,-74.06552,40.81552,-74.06537
1282727022,E PERIPHERAL RD,,S,0.204522778668741,5,BERGEN,NJ,07073,America/New_York,40.81492,-74.07005,40.81282,-74.06778
130509723,,,N,0.033020106845204,5,BERGEN,NJ,07657,America/New_York,40.82913,-74.02607,40.8296,-74.02603
130572889,ROAD D,,W,0.168226595891268,5,BERGEN,NJ,07073,America/New_York,40.81492,-74.07005,40.81496,-74.07296
1282815858,,,S,0.130358235720167,4,HUDSON,NJ,07094,America/New_York,40.7974,-74.06643,40.79646,-74.06664
429541393,MEADOWLANDS PKWY,,N,0.030229711820826,4,HUDSON,NJ,07094,America/New_York,40.79678,-74.067,40.79719,-74.0668
429578420,I-95 N,95,E,0.445458392950554,1,BERGEN,NJ,07657,America/New_York,40.823677923377,-74.033598573961,40.828386381506,-74.027778492306
449958202,N CONNECTOR RD,,W,0.042300634895012,5,BERGEN,NJ,07073,America/New_York,40.81394,-74.06581,40.81385,-74.06661
1282806846,,,E,0.053142065209439,5,BERGEN,NJ,07073,America/New_York,40.81153,-74.07283,40.81168,-74.07193
129752503,PLAZA J,,S,0.027121291433268,4,BERGEN,NJ,07073,America/New_York,40.81246,-74.08753,40.81208,-74.08766
1282578834,,,S,0.081298243057981,2,BERGEN,NJ,07073,America/New_York,40.80775,-74.07288,40.80667,-74.07346
1282708338,,,S,0.26069384414617,2,BERGEN,NJ,07073,America/New_York,40.80667,-74.07346,40.80329,-74.07318
1282812167,,,S,0.130411084887426,5,BERGEN,NJ,07073,America/New_York,40.81168,-74.07193,40.80991,-74.07213
1282859897,I-95 N,95,E,0.445069615582969,1,BERGEN,NJ,07657,America/New_York,40.819236227706,-74.039726979289,40.823677923377,-74.033598573961
130672009,N SERVICE RD,,W,0.041652800008485,4,BERGEN,NJ,07073,America/New_York,40.81162,-74.08387,40.81155,-74.08466
129825831,STADIUM CLUB RD W,,E,0.31295095809716,4,BERGEN,NJ,07073,America/New_York,40.81162,-74.08387,40.81027,-74.07866
476257319,N SERVICE RD,,E,0.02402427950651,4,BERGEN,NJ,07073,America/New_York,40.81208,-74.08766,40.81198,-74.08722
937215591,ROAD C,,N,0.072394594209989,4,BERGEN,NJ,07073,America/New_York,40.81162,-74.08387,40.8125,-74.08317
1282805987,16W,,W,0.236642687320519,2,BERGEN,NJ,07073,America/New_York,40.80211,-74.07315,40.8027,-74.0771
449965602,MEADOWLANDS PKWY,,N,0.098549349253212,4,HUDSON,NJ,07094,America/New_York,40.79719,-74.0668,40.79837,-74.06575
449965603,MEADOWLANDS PKWY,,N,0.089592462798002,4,HUDSON,NJ,07094,America/New_York,40.79837,-74.06575,40.79937,-74.06466
450525616,RT-3 W,3,W,0.093487218694339,2,BERGEN,NJ,07073,America/New_York,40.81081,-74.08529,40.81108,-74.08704
130544993,ROAD D,,E,0.168226595891268,5,BERGEN,NJ,07073,America/New_York,40.81496,-74.07296,40.81492,-74.07005
461735728,N CONNECTOR RD,,W,0.016346442868201,5,BERGEN,NJ,07073,America/New_York,40.81385,-74.06661,40.81382,-74.06692
1282595841,I-95 S,95,W,0.619723630875021,1,BERGEN,NJ,07657,America/New_York,40.827144292336,-74.029448080002,40.820613234668,-74.037571324511
130363537,,,W,0.079291111281576,4,BERGEN,NJ,07073,America/New_York,40.81108,-74.08704,40.81135,-74.08851
130373425,,,W,0.136852738472895,4,BERGEN,NJ,07073,America/New_York,40.81135,-74.08851,40.81195,-74.09085
1282632626,,,N,0.704838000466084,2,BERGEN,NJ,07073,America/New_York,40.80461,-74.08049,40.81045,-74.08386
449953226,BERRYS CREEK RD,,N,0.06984533240002,4,BERGEN,NJ,07073,America/New_York,40.81836,-74.07905,40.8193,-74.07856
449945964,,,E,0.099193456775389,4,BERGEN,NJ,07073,America/New_York,40.81455,-74.06883,40.81506,-74.06709
937203709,ROAD C,,N,0.137846348327962,4,BERGEN,NJ,07073,America/New_York,40.8125,-74.08317,40.81409,-74.08158
449945965,RT-120 S,120,S,0.091765328956126,4,BERGEN,NJ,07073,America/New_York,40.81563,-74.06802,40.81455,-74.06904
1282682764,RT-3 W,3,W,0.531956355100336,2,BERGEN,NJ,07094,America/New_York,40.79869,-74.06429,40.80405431231,-74.071584663642
449945967,,,S,0.165342521356491,5,BERGEN,NJ,07073,America/New_York,40.81506,-74.06709,40.81394,-74.06581
429516339,,,N,0.257671424542901,2,BERGEN,NJ,07073,America/New_York,40.80862,-74.07951,40.80888,-74.07927
449957420,I-95 N,95,E,0.436976492413882,1,BERGEN,NJ,07072,America/New_York,40.81656,-74.04729,40.819236227706,-74.039726979289
1282664951,RT-3 W,3,W,0.177201821162309,2,BERGEN,NJ,07073,America/New_York,40.807251802264,-74.076644586807,40.80862,-74.07951
450520838,AMERICAN DREAM WAY,,S,0.028545804754946,4,BERGEN,NJ,07073,America/New_York,40.80848,-74.07075,40.80813,-74.07104
1282858107,PATERSON PLANK RD,,S,0.083079355519455,5,BERGEN,NJ,07073,America/New_York,40.81696,-74.06606,40.81583,-74.06552
1282838917,I-95 S,95,W,0.509966159790368,1,BERGEN,NJ,07072,America/New_York,40.81696,-74.04653,40.81396,-74.05544
449960943,I-95 N,95,E,0.509821303982273,1,BERGEN,NJ,07072,America/New_York,40.8135,-74.05616,40.81656,-74.04729
476291689,WASHINGTON AVE,503,N,0.316337107128226,4,BERGEN,NJ,07072,America/New_York,40.81838,-74.06527,40.82193,-74.06145
1282732706,STADIUM CLUB RD E,,E,0.043378483184357,5,BERGEN,NJ,07073,America/New_York,40.81011,-74.07816,40.80974,-74.07749
1282724827,N CONNECTOR RD,,W,0.158930324023335,5,BERGEN,NJ,07073,America/New_York,40.81382,-74.06692,40.81474,-74.06957
449960942,I-95 N,95,E,0.464729962955366,1,BERGEN,NJ,07073,America/New_York,40.80945,-74.06323,40.8135,-74.05616
937173500,,,S,0.140242107318616,2,BERGEN,NJ,07073,America/New_York,40.80888,-74.07927,40.80716,-74.08069
476277967,WASHINGTON AVE,503,S,0.055590231594679,4,BERGEN,NJ,07072,America/New_York,40.81838,-74.06527,40.8178,-74.06598
1282569985,,,S,0.217252324060391,4,HUDSON,NJ,07094,America/New_York,40.79956,-74.06374,40.79869,-74.06429
450524115,E PERIPHERAL RD,,W,0.032541742000945,4,BERGEN,NJ,07073,America/New_York,40.80792,-74.07175,40.80796,-74.07237
1282672046,,,S,0.207497535415209,4,BERGEN,NJ,07073,America/New_York,40.81872,-74.0677,40.81596,-74.06617
1282596815,,,W,0.22117046190884,2,BERGEN,NJ,07073,America/New_York,40.8027,-74.0771,40.80461,-74.08049
130855379,,,E,0.159416279891013,5,BERGEN,NJ,07073,America/New_York,40.81348,-74.07132,40.81358,-74.06989
1282842282,,,N,0.054456146029065,5,BERGEN,NJ,07073,America/New_York,40.8118,-74.07188,40.81254,-74.07211
449953175,BERRYS CREEK RD,,S,0.449215274034229,4,BERGEN,NJ,07073,America/New_York,40.81464,-74.0819,40.81246,-74.08753
449953174,BERRYS CREEK RD,,N,0.449215274034229,4,BERGEN,NJ,07073,America/New_York,40.81246,-74.08753,40.81464,-74.0819
449957411,JOMIKE CT,,W,0.01615274732801,5,BERGEN,NJ,07072,America/New_York,40.82263,-74.06033,40.82282,-74.06051
1282672041,,,S,0.222741841682052,4,BERGEN,NJ,07073,America/New_York,40.81872,-74.0677,40.81563,-74.06802
1282790986,,,W,0.255743378075118,4,BERGEN,NJ,07073,America/New_York,40.80775,-74.07288,40.8073,-74.07674
1282586585,S CONNECTION RD,,E,0.12206932880766,5,BERGEN,NJ,07073,America/New_York,40.80806,-74.07469,40.80796,-74.07237
