xd,road-name,road-num,bearing,miles,frc,county,state,zip,timezone_name,start_latitude,start_longitude,end_latitude,end_longitude
1282685148,PATERSON PLANK RD,120,E,0.333645624808382,4,BERGEN,NJ,07073,America/New_York,40.83263,-74.08759,40.8296,-74.08268
1282743270,RT-17 N,17,N,0.433745181338652,3,BERGEN,NJ,07073,America/New_York,40.82098,-74.1006,40.82599,-74.09562
1282837478,AMERICAN DREAM WAY,,S,0.207002970461799,5,BERGEN,NJ,07073,America/New_York,40.81125,-74.06925,40.80848,-74.07075
450522601,E PERIPHERAL RD,,W,0.040924801307277,4,BERGEN,NJ,07073,America/New_York,40.80813,-74.07104,40.80792,-74.07175
1282839734,,,N,0.03039326074631,4,HUDSON,NJ,07094,America/New_York,40.79646,-74.06664,40.79678,-74.067
771943648,,,E,0.05256947626848,4,HUDSON,NJ,07094,America/New_York,40.79937,-74.06466,40.79956,-74.06374
1282724750,,,W,0.123780410670726,5,BERGEN,NJ,07073,America/New_York,40.81171,-74.06887,40.81246,-74.07054
449975798,CONNECTION RD,,S,0.016079800022556,5,BERGEN,NJ,07073,America/New_York,40.81299,-74.06757,40.81282,-74.06778
1282653795,RT-120 S,120,S,0.51496850674357,4,BERGEN,NJ,07073,America/New_York,40.81455,-74.06904,40.80775,-74.07288
129576239,N SERVICE RD,,E,0.041652800008485,4,BERGEN,NJ,07073,America/New_York,40.81155,-74.08466,40.81162,-74.08387
1282727022,E PERIPHERAL RD,,S,0.204522778668741,5,BERGEN,NJ,07073,America/New_York,40.81492,-74.07005,40.81282,-74.06778
449975835,INNER LOOP RD,,N,0.411354389924911,5,BERGEN,NJ,07073,America/New_York,40.81011,-74.07816,40.81516,-74.07498
449957326,ROAD D,,E,0.110250357785866,5,BERGEN,NJ,07073,America/New_York,40.81516,-74.07498,40.81496,-74.07296
1282815858,,,S,0.130358235720167,4,HUDSON,NJ,07094,America/New_York,40.7974,-74.06643,40.79646,-74.06664
449975797,,,W,0.087565710211221,5,BERGEN,NJ,07073,America/New_York,40.81223,-74.06623,40.81299,-74.06757
429541393,MEADOWLANDS PKWY,,N,0.030229711820826,4,HUDSON,NJ,07094,America/New_York,40.79678,-74.067,40.79719,-74.0668
449957397,PATERSON PLANK RD,120,E,0.223534656819681,4,BERGEN,NJ,07073,America/New_York,40.82563,-74.07593,40.82348,-74.07274
1282799505,RT-3 E,3,E,0.440732848572237,2,BERGEN,NJ,07094,America/New_York,40.801805409575,-74.072322323071,40.7974,-74.06643
449958202,N CONNECTOR RD,,W,0.042300634895012,5,BERGEN,NJ,07073,America/New_York,40.81394,-74.06581,40.81385,-74.06661
1282553079,,,N,0.069063984685474,3,BERGEN,NJ,07070,America/New_York,40.81277,-74.10169,40.81363,-74.10235
485674488,RT-3 W,3,W,0.078838254883382,2,BERGEN,NJ,07073,America/New_York,40.81045,-74.08386,40.81081,-74.08529
1282806846,,,E,0.053142065209439,5,BERGEN,NJ,07073,America/New_York,40.81153,-74.07283,40.81168,-74.07193
1282743227,RT-17 N,17,N,0.30471237267741,3,BERGEN,NJ,07070,America/New_York,40.81683,-74.10248,40.82098,-74.1006
1282578834,,,S,0.081298243057981,2,BERGEN,NJ,07073,America/New_York,40.80775,-74.07288,40.80667,-74.07346
1282708338,,,S,0.26069384414617,2,BERGEN,NJ,07073,America/New_York,40.80667,-74.07346,40.80329,-74.07318
1282812167,,,S,0.130411084887426,5,BERGEN,NJ,07073,America/New_York,40.81168,-74.07193,40.80991,-74.07213
771945959,PATERSON PLANK RD,120,E,0.009806531454853,4,BERGEN,NJ,07073,America/New_York,40.83269,-74.08776,40.83263,-74.08759
1282582919,,,N,0.382010604758673,5,BERGEN,NJ,07073,America/New_York,40.80784,-74.07236,40.81125,-74.06925
129825831,STADIUM CLUB RD W,,E,0.31295095809716,4,BERGEN,NJ,07073,America/New_York,40.81162,-74.08387,40.81027,-74.07866
1282576849,RT-17 N,17,N,0.473052254112192,3,BERGEN,NJ,07073,America/New_York,40.82599,-74.09562,40.831386291471,-74.09005299132
476257319,N SERVICE RD,,E,0.02402427950651,4,BERGEN,NJ,07073,America/New_York,40.81208,-74.08766,40.81198,-74.08722
1282674689,,,N,0.073996419261124,4,BERGEN,NJ,07073,America/New_York,40.80669,-74.07246,40.80776,-74.07252
441689655,RT-120 N,120,N,0.513720344866146,4,BERGEN,NJ,07073,America/New_York,40.80776,-74.07252,40.81455,-74.06883
1282771429,,,E,0.167215886381885,4,BERGEN,NJ,07073,America/New_York,40.8313,-74.09014,40.83269,-74.08776
1282622967,,,N,0.201027083347609,4,BERGEN,NJ,07073,America/New_York,40.80397,-74.07147,40.80669,-74.07246
449957399,PATERSON PLANK RD,120,E,0.140953450804819,4,BERGEN,NJ,07073,America/New_York,40.82097,-74.06957,40.81926,-74.0681
449953231,PATERSON PLANK RD,120,E,0.183747138374415,4,BERGEN,NJ,07073,America/New_York,40.82743,-74.07851,40.82563,-74.07593
449957398,PATERSON PLANK RD,120,E,0.240590997264862,4,BERGEN,NJ,07073,America/New_York,40.82348,-74.07274,40.82097,-74.06957
1282751957,RT-3 W,3,W,0.574681911151449,2,BERGEN,NJ,07073,America/New_York,40.81108,-74.08704,40.81046,-74.09796
1282724897,,,W,0.0361550762594,5,BERGEN,NJ,07073,America/New_York,40.8118,-74.07188,40.81206,-74.07248
1282581597,,,W,0.169630666189847,3,BERGEN,NJ,07070,America/New_York,40.81111,-74.09934,40.81277,-74.10169
449965602,MEADOWLANDS PKWY,,N,0.098549349253212,4,HUDSON,NJ,07094,America/New_York,40.79719,-74.0668,40.79837,-74.06575
449965603,MEADOWLANDS PKWY,,N,0.089592462798002,4,HUDSON,NJ,07094,America/New_York,40.79837,-74.06575,40.79937,-74.06466
450525616,RT-3 W,3,W,0.093487218694339,2,BERGEN,NJ,07073,America/New_York,40.81081,-74.08529,40.81108,-74.08704
130868502,STADIUM CLUB RD W,,E,0.028496320289558,5,BERGEN,NJ,07073,America/New_York,40.81027,-74.07866,40.81011,-74.07816
461735728,N CONNECTOR RD,,W,0.016346442868201,5,BERGEN,NJ,07073,America/New_York,40.81385,-74.06661,40.81382,-74.06692
130544993,ROAD D,,E,0.168226595891268,5,BERGEN,NJ,07073,America/New_York,40.81496,-74.07296,40.81492,-74.07005
387820295,E PERIPHERAL RD,,S,0.095557810478389,5,BERGEN,NJ,07073,America/New_York,40.81282,-74.06778,40.81171,-74.06887
130860896,,,W,0.068675615542318,5,BERGEN,NJ,07073,America/New_York,40.81226,-74.07087,40.8118,-74.07188
130363537,,,W,0.079291111281576,4,BERGEN,NJ,07073,America/New_York,40.81108,-74.08704,40.81135,-74.08851
130373425,,,W,0.136852738472895,4,BERGEN,NJ,07073,America/New_York,40.81135,-74.08851,40.81195,-74.09085
1282727040,N CONNECTOR RD,,W,0.028012189585981,5,BERGEN,NJ,07073,America/New_York,40.81474,-74.06957,40.81492,-74.07005
130539555,N SERVICE RD,,E,0.150325064024625,4,BERGEN,NJ,07073,America/New_York,40.81195,-74.09085,40.81217,-74.0883
130814435,N SERVICE RD,,E,0.034040791943052,4,BERGEN,NJ,07073,America/New_York,40.81217,-74.0883,40.81208,-74.08766
476294093,,,W,0.086271240424306,3,BERGEN,NJ,07070,America/New_York,40.81046,-74.09796,40.81111,-74.09934
387825949,E PERIPHERAL RD,,S,0.03748391187154,5,BERGEN,NJ,07073,America/New_York,40.81171,-74.06887,40.81125,-74.06925
449945964,,,E,0.099193456775389,4,BERGEN,NJ,07073,America/New_York,40.81455,-74.06883,40.81506,-74.06709
449945965,RT-120 S,120,S,0.091765328956126,4,BERGEN,NJ,07073,America/New_York,40.81563,-74.06802,40.81455,-74.06904
1282682764,RT-3 W,3,W,0.531956355100336,2,BERGEN,NJ,07094,America/New_York,40.79869,-74.06429,40.80405431231,-74.071584663642
449945967,,,S,0.165342521356491,5,BERGEN,NJ,07073,America/New_York,40.81506,-74.06709,40.81394,-74.06581
449953224,PATERSON PLANK RD,120,E,0.265009726140585,4,BERGEN,NJ,07073,America/New_York,40.8296,-74.08268,40.82743,-74.07851
1282664951,RT-3 W,3,W,0.177201821162309,2,BERGEN,NJ,07073,America/New_York,40.807251802264,-74.076644586807,40.80862,-74.07951
450520838,AMERICAN DREAM WAY,,S,0.028545804754946,4,BERGEN,NJ,07073,America/New_York,40.80848,-74.07075,40.80813,-74.07104
1282732706,STADIUM CLUB RD E,,E,0.043378483184357,5,BERGEN,NJ,07073,America/New_York,40.81011,-74.07816,40.80974,-74.07749
1282724827,N CONNECTOR RD,,W,0.158930324023335,5,BERGEN,NJ,07073,America/New_York,40.81382,-74.06692,40.81474,-74.06957
1282743206,RT-17 N,17,N,0.222857621085299,3,BERGEN,NJ,07070,America/New_York,40.81363,-74.10235,40.81683,-74.10248
1282812146,,,E,0.038279830380726,5,BERGEN,NJ,07073,America/New_York,40.81199,-74.07253,40.81168,-74.07193
387823610,S CONNECTION RD,,W,0.12206932880766,4,BERGEN,NJ,07073,America/New_York,40.80796,-74.07237,40.80806,-74.07469
771949724,,,S,0.169445724918897,2,BERGEN,NJ,07073,America/New_York,40.80329,-74.07318,40.80107,-74.07184
1282569985,,,S,0.217252324060391,4,HUDSON,NJ,07094,America/New_York,40.79956,-74.06374,40.79869,-74.06429
130727510,N SERVICE RD,,E,0.137129915715364,4,BERGEN,NJ,07073,America/New_York,40.81198,-74.08722,40.81155,-74.08466
450524115,E PERIPHERAL RD,,W,0.032541742000945,4,BERGEN,NJ,07073,America/New_York,40.80792,-74.07175,40.80796,-74.07237
429540696,STADIUM CLUB RD E,,W,0.196621761793815,4,BERGEN,NJ,07073,America/New_York,40.80806,-74.07469,40.80974,-74.07749
429540697,STADIUM CLUB RD E,,E,0.196621761793815,5,BERGEN,NJ,07073,America/New_York,40.80974,-74.07749,40.80806,-74.07469
771961681,,,W,0.015576430430117,5,BERGEN,NJ,07073,America/New_York,40.81212,-74.06597,40.81223,-74.06623
1282842282,,,N,0.054456146029065,5,BERGEN,NJ,07073,America/New_York,40.8118,-74.07188,40.81254,-74.07211
130855379,,,E,0.159416279891013,5,BERGEN,NJ,07073,America/New_York,40.81348,-74.07132,40.81358,-74.06989
1282601305,RT-3 W,3,W,0.260712610151606,2,BERGEN,NJ,07073,America/New_York,40.80862,-74.07951,40.81045,-74.08386
429516407,PATERSON PLANK RD,120,E,0.042790188943345,4,BERGEN,NJ,07073,America/New_York,40.81926,-74.0681,40.81872,-74.0677
1282790986,,,W,0.255743378075118,4,BERGEN,NJ,07073,America/New_York,40.80775,-74.07288,40.8073,-74.07674
1282672041,,,S,0.222741841682052,4,BERGEN,NJ,07073,America/New_York,40.81872,-74.0677,40.81563,-74.06802
1282629813,,,E,0.156985142346091,5,BERGEN,NJ,07073,America/New_York,40.81474,-74.06957,40.81455,-74.06904
